,id,time_zone,lang,country,location,geo,countryUSA,tzUSA,locatUSA
1,627198160453148672,Central Time (US & Canada),en,,"Stop lurking, just follow me ",,,True,
2,627198160943849472,Pacific Time (US & Canada),en,,"Montréal, QC",,,True,
4,627198164618096644,Eastern Time (US & Canada),en,,,,,True,
6,627198172125863937,Eastern Time (US & Canada),en,,Aubanel,,,True,
8,627198186042605568,Pacific Time (US & Canada),en,,CA,,,True,
9,627198187757944832,Central Time (US & Canada),en,,Chicago,,,True,
11,627198196779880448,Central Time (US & Canada),en,,"Seattle, WA",,,True,
13,627198199535566848,Central Time (US & Canada),en,,,,,True,
15,627198209828388864,Pacific Time (US & Canada),en,,CA,,,True,
18,627198222281277440,Eastern Time (US & Canada),en,,,,,True,
20,627198228665008128,Mountain Time (US & Canada),en,,"Storybrooke, Maine",,,True,
22,627198242451779585,Pacific Time (US & Canada),en,,"London, England",,,True,
40,627198330460852224,Eastern Time (US & Canada),en,,"Boston, Massachusetts - USA",,,True,
48,627198398446366721,Pacific Time (US & Canada),ht,,❀ anna ❀,,,True,
49,627198408470736896,Pacific Time (US & Canada),en,,"Los Angeles, CA",,,True,
52,627198430784454657,,und,United States,somewheregetting2daMoney..,,True,,
60,627198464796061696,Eastern Time (US & Canada),en,,adams my sharkboy • she/her,,,True,
66,627198492729970688,Mountain Time (US & Canada),en,,,,,True,
68,627198496383311874,Eastern Time (US & Canada),en,,Pitt '19,,,True,
69,627198499818307584,Pacific Time (US & Canada),en,,"London, San Francisco",,,True,
70,627198505241554945,Central Time (US & Canada),en,,Tesfaye K&M Pia Tori,,,True,
71,627198515077357568,Eastern Time (US & Canada),en,,carey :v,,,True,
72,627198517992366080,Pacific Time (US & Canada),en,,ain't nothin' out here,,,True,
73,627198527144349697,Central Time (US & Canada),en,,Gem City,,,True,
76,627198552993857537,,en,,"Indianapolis, IN",,,,True
82,627198573541613568,Central Time (US & Canada),en,,"Seattle, WA",,,True,
86,627198611185516544,,en,,"Las Vegas, NV",,,,True
88,627198619347755009,,en,,USA,,,,True
92,627198652344324096,Pacific Time (US & Canada),en,,Instagram:- PRICETAGGZZ,,,True,
93,627198652407111680,Pacific Time (US & Canada),en,,"San Francisco, CA",,,True,
94,627198657155190784,Eastern Time (US & Canada),en,,Quebec,,,True,
101,627198702424199168,Central Time (US & Canada),en,,Riding Unicorns 127.0.0.1,,,True,
106,627198742777757696,,en,,USA,,,,True
108,627198746506469377,,en,,USA,,,,True
111,627198768123920384,,en,,North Carolina,,,,True
113,627198780836835328,Pacific Time (US & Canada),en,,"Portland, OR",,,True,
117,627198801825038336,,en,,"Zillah, WA",,,,True
120,627198825116114944,Central Time (US & Canada),en,,chicago,,,True,
125,627198838181236736,,es,United States,SAN ANTONIO,,True,,
127,627198852349583360,Pacific Time (US & Canada),sv,,,,,True,
130,627198862021763072,Eastern Time (US & Canada),en,,Seminole Nation,,,True,
143,627198948139245568,Pacific Time (US & Canada),en,,"Maryland, USA",,,True,
144,627198963641393152,Eastern Time (US & Canada),en,,☁️ where the wifi is ☁️,,,True,
145,627198964610109440,Pacific Time (US & Canada),en,,"Denver, CO",,,True,
153,627198997229379584,,en,,"Altoona, Pennsylvania, USA",,,,True
156,627199007446724609,Pacific Time (US & Canada),en,,east coast ,,,True,
160,627199023699652608,Hawaii,en,,16//glos,,,True,
162,627199032939675648,Mountain Time (US & Canada),en,,,,,True,
163,627199036525793281,Pacific Time (US & Canada),en,,"Teófilo Otoni, Minas Gerais",,,True,
166,627199059967782912,Pacific Time (US & Canada),en,,,,,True,
168,627199063360991233,Eastern Time (US & Canada),en,,"Toronto, Canada",,,True,
171,627199089948643328,Eastern Time (US & Canada),en,,adams my sharkboy • she/her,,,True,
172,627199099855609856,Eastern Time (US & Canada),en,,adams my sharkboy • she/her,,,True,
173,627199100585246720,Eastern Time (US & Canada),en,,,,,True,
176,627199108021784576,Pacific Time (US & Canada),en,,Kentucky,,,True,
177,627199109670133760,Eastern Time (US & Canada),en,,,,,True,
178,627199119396896768,Eastern Time (US & Canada),en,,"Florida, USA",,,True,
179,627199119346507776,,en,,"Duvall, WA",,,,True
181,627199135020507136,Pacific Time (US & Canada),en,,galaxy far far away,,,True,
182,627199142285156353,Central Time (US & Canada),en,,,,,True,
185,627199171712430080,Eastern Time (US & Canada),en,,"Washington, D.C.",,,True,
186,627199194021806080,Central Time (US & Canada),en,,,,,True,
187,627199197830254592,,en,,"Arkansas, USA",,,,True
189,627199206864867328,Central Time (US & Canada),en,,,,,True,
190,627199207238148096,Pacific Time (US & Canada),en,,CA,,,True,
191,627199211365232640,Eastern Time (US & Canada),bs,United States,"Baltimore, MD","[38.978445, -76.492183]",True,,
193,627199241836871680,Pacific Time (US & Canada),en,,CA,,,True,
194,627199247541075969,,en,,"Arkansas, USA",,,,True
195,627199249474678784,Pacific Time (US & Canada),en,,,,,True,
197,627199255468322817,Eastern Time (US & Canada),en,,nebraska ,,,True,
203,627199271897579520,Eastern Time (US & Canada),en,,berens' dick,,,True,
204,627199279669481473,Eastern Time (US & Canada),en,,,,,True,
205,627199285486944256,Central Time (US & Canada),en,,"Atlanta , Georiga",,,True,
217,627199354109976576,Central Time (US & Canada),en,,,,,True,
219,627199370534858752,Central Time (US & Canada),en,,NC,,,True,
224,627199400104824832,,en,,New York,,,,True
226,627199407390244864,Central Time (US & Canada),en,,,,,True,
227,627199427149561856,Central Time (US & Canada),en,,'MURICA,,,True,
228,627199440210690048,Eastern Time (US & Canada),en,,"Concord, NC",,,True,
237,627199523853463553,Pacific Time (US & Canada),en,,"Las Vegas, Nevada",,,True,
240,627199538332323840,,en,,emerson,,,,True
242,627199552215511040,Pacific Time (US & Canada),en,,,,,True,
244,627199555617038337,Eastern Time (US & Canada),en,,Class of 2017  11 30 13 19 23 ,,,True,
249,627199572176162816,Eastern Time (US & Canada),en,,Florida,,,True,
253,627199599900499973,,en,,"Tampa, FL",,,,True
254,627199601406291968,Pacific Time (US & Canada),en,,LA based / Chicagoan at heart,,,True,
256,627199613909372928,,en,,Michigan,,,,True
258,627199622788857856,Eastern Time (US & Canada),en,,,,,True,
261,627199628371472385,Pacific Time (US & Canada),en,,Pease Pottage,,,True,
264,627199647572971520,Eastern Time (US & Canada),en,,USA | CANADA,,,True,
265,627199649925894144,,en,,"Cleveland, Ohio",,,,True
266,627199652320817152,Eastern Time (US & Canada),en,,,,,True,
270,627199671975329793,Pacific Time (US & Canada),en,,Home,,,True,
281,627199759921639425,Eastern Time (US & Canada),en,,"The Bronx,NY,USA",,,True,
282,627199761528045568,Pacific Time (US & Canada),ru,,,,,True,
283,627199761670643713,Eastern Time (US & Canada),en,,,,,True,
287,627199808080596992,Eastern Time (US & Canada),en,,"New York City, NY",,,True,
288,627199814925619200,Central Time (US & Canada),en,,"Guadalajara, Mexico",,,True,
289,627199818486525952,Pacific Time (US & Canada),en,,"North Carolina, USA",,,True,
298,627199868403122177,Eastern Time (US & Canada),en,,"Ottawa, Canada",,,True,
299,627199893065568256,Eastern Time (US & Canada),en,,,,,True,
304,627199927039295488,,en,,Louisiana.,,,,True
309,627199975353663492,Eastern Time (US & Canada),en,,,,,True,
310,627200011890089984,Eastern Time (US & Canada),en,United States,"Miramar, Fl",,True,,
312,627200021352591360,,en,,"Bedford, MA",,,,True
317,627200046052868096,,en,,"New York, New York",,,,True
318,627200053313204224,Central Time (US & Canada),es,,bogota ,,,True,
321,627200054860734464,Pacific Time (US & Canada),en,,"Los Angeles, CA ",,,True,
323,627200060741320708,Central Time (US & Canada),en,,▲Beacon Hills▼,,,True,
329,627200112985513985,Eastern Time (US & Canada),en,,"New Jersey, USA",,,True,
330,627200114109644800,Pacific Time (US & Canada),en,,"Seattle, WA",,,True,
337,627200209920094210,Central Time (US & Canada),en,,,,,True,
338,627200219063709696,Pacific Time (US & Canada),en,,,,,True,
339,627200221517377536,Pacific Time (US & Canada),en,,icon- yourheadcanon.tumblr,,,True,
342,627200253851086848,Central Time (US & Canada),en,,,,,True,
345,627200269961465856,Eastern Time (US & Canada),en,,"Arlington, Virginia",,,True,
348,627200277108666368,Eastern Time (US & Canada),en,,"Freehold, New Jersey",,,True,
352,627200287816597504,Pacific Time (US & Canada),en,,"Las Vegas, NV",,,True,
354,627200294053478400,,en,United States,,,True,,
358,627200322444791808,Pacific Time (US & Canada),fr,,ʇⓣɥⓗəⓔ lⓛɐⓐuⓝpⓓ oⓞɟⓕ oⓞzⓩ,,,True,
362,627200337586352128,Eastern Time (US & Canada),en,,"Nashville, TN",,,True,
364,627200346230759424,Pacific Time (US & Canada),en,,Palo Alto - California,,,True,
366,627200348382334976,Alaska,fr,,Taipei | Bangkok,,,True,
371,627200368213147648,Eastern Time (US & Canada),en,,"New Jersey, USA",,,True,
385,627200427050799104,Pacific Time (US & Canada),ht,,azulcats*__*,,,True,
387,627200444922597376,,en,,"Oldsmar, FL",,,,True
393,627200486173765632,Central Time (US & Canada),en,,"North Texas, USA",,,True,
394,627200489818587136,Pacific Time (US & Canada),en,,"San Francisco, CA",,,True,
395,627200492419043328,Pacific Time (US & Canada),pt,,azulcats*__*,,,True,
398,627200501923209216,,en,,"Wheeling, WV ",,,,True
406,627200609826009088,Eastern Time (US & Canada),en,,new york,,,True,
409,627200639794327552,Eastern Time (US & Canada),en,,"New Richmond, OH",,,True,
411,627200646488424449,,en,,"New York, NY",,,,True
412,627200648975552512,Central Time (US & Canada),es,,Monte(random)rrey,,,True,
416,627200691254104064,Eastern Time (US & Canada),en,,"Ottawa, Ontario, Canada",,,True,
417,627200695494512640,,en,,Some place?,,,,True
421,627200705577627648,Hawaii,en,,Kenosha WI,,,True,
425,627200721247715328,Central Time (US & Canada),en,, nineOHfoeFOO' ♋️,,,True,
426,627200726104711168,Pacific Time (US & Canada),en,,,,,True,
427,627200728038162432,Mountain Time (US & Canada),en,,"Boise, ID",,,True,
428,627200730680569856,Hawaii,en,,Cleveland OH,,,True,
430,627200735567052800,Pacific Time (US & Canada),sk,,azulcats*__*,,,True,
431,627200750410682368,,en,,USA,,,,True
436,627200782463598593,Eastern Time (US & Canada),en,,Massachusetts,,,True,
437,627200786968264705,Eastern Time (US & Canada),en,,Earth,,,True,
438,627200799194656769,Pacific Time (US & Canada),fr,,,,,True,
439,627200802747236352,Central Time (US & Canada),en,,"Colorado, USA",,,True,
443,627200822196224000,,en,,"Florida, USA",,,,True
453,627200884968042496,Eastern Time (US & Canada),en,,,,,True,
459,627200901120290820,Central Time (US & Canada),en,,"Chicago, Ill",,,True,
462,627200906686103552,,en,,"Oldsmar, FL",,,,True
466,627200942321090560,,en,,"Pennsylvania, USA",,,,True
472,627200977536483328,Central Time (US & Canada),en,,,,,True,
475,627200995215417344,Central Time (US & Canada),en,, nineOHfoeFOO' ♋️,,,True,
476,627200996213522433,Central Time (US & Canada),en,,"Arkansas, USA",,,True,
478,627201008314241025,Eastern Time (US & Canada),en,,sm,,,True,
483,627201046348197888,Eastern Time (US & Canada),en,,"Akron, OH",,,True,
495,627201098424520704,,en,,"Clio, MI USA",,,,True
497,627201108193230848,,en,United States,,,True,,
498,627201111078891520,,en,,"Lewisville, Texas",,,,True
500,627201120063111169,Eastern Time (US & Canada),ht,,"Harrisburg, PA",,,True,
502,627201138153123840,,en,,USA,,,,True
506,627201185271947264,,en,,Paulston,,,,True
515,627201290850840577,Central Time (US & Canada),cy,," Molon Labe, TEXAS ",,,True,
519,627201329782476800,,en,,"Virginia, USA",,,,True
520,627201330684100608,,en,,"New York ,NY",,,,True
521,627201337768419330,Eastern Time (US & Canada),en,,"New Richmond, OH",,,True,
524,627201367577378816,Pacific Time (US & Canada),en,,,,,True,
525,627201383251476480,Eastern Time (US & Canada),en,,,,,True,
529,627201416969367552,Pacific Time (US & Canada),en,,"Bay Area, CA",,,True,
531,627201431397900288,Eastern Time (US & Canada),en,,,,,True,
534,627201434510073856,,en,,"Raleigh, North Carolina",,,,True
535,627201449311764481,,es,,"Illinois, USA",,,,True
536,627201459151597570,Hawaii,es,,Nómada Venezolana,,,True,
543,627201503049089024,Central Time (US & Canada),en,,,,,True,
549,627201515371954177,Central Time (US & Canada),en,,"Fort Wayne, IN",,,True,
551,627201518127685632,Pacific Time (US & Canada),fr,,ʇⓣɥⓗəⓔ lⓛɐⓐuⓝpⓓ oⓞɟⓕ oⓞzⓩ,,,True,
553,627201519226634240,Eastern Time (US & Canada),en,,"Washington, DC",,,True,
573,627201586549391361,Eastern Time (US & Canada),en,,,,,True,
575,627201607692890112,Pacific Time (US & Canada),en,,"Los Angeles, around the WWW!",,,True,
576,627201607650963456,Pacific Time (US & Canada),en,,"Los Angeles, around the WWW!",,,True,
583,627201641314304000,Pacific Time (US & Canada),en,,Behind the bleachers ,,,True,
592,627201688110301184,Pacific Time (US & Canada),en,,"Boston, MA",,,True,
598,627201740329353221,,en,,Ohio,,,,True
603,627201746968932352,Pacific Time (US & Canada),en,,New York,,,True,
604,627201749783314432,,en,,Huntsville,,,,True
610,627201793123033088,Mountain Time (US & Canada),en,,USA,,,True,
611,627201809132601344,,en,,"Oldsmar, FL",,,,True
612,627201810030284800,Central Time (US & Canada),en,,"Chicagoland, IL",,,True,
620,627201837628829697,Eastern Time (US & Canada),en,,the DC part of Virginia,,,True,
621,627201838983589888,Central Time (US & Canada),en,,"Indianapolis, IN",,,True,
623,627201861498601472,Pacific Time (US & Canada),en,,· byrne · schilling · prepon ,,,True,
627,627201913549885440,Pacific Time (US & Canada),en,,,,,True,
637,627202022375161856,Pacific Time (US & Canada),en,United States,"Portland, OR",,True,,
640,627202032571666432,,en,,USA,,,,True
642,627202035486728192,,en,,USA,,,,True
643,627202044575793152,,en,,USA,,,,True
644,627202048799469569,,en,,USA,,,,True
647,627202056751874048,,en,,USA,,,,True
649,627202069313789952,,en,,USA,,,,True
657,627202094462713856,Eastern Time (US & Canada),en,,riding the hippogriff ,,,True,
660,627202109121916928,Eastern Time (US & Canada),en,,"Farmington,NY",,,True,
661,627202114306097152,,en,,Ohio,,,,True
663,627202131381088256,Eastern Time (US & Canada),en,,"Atlanta, GA",,,True,
667,627202140134621184,Eastern Time (US & Canada),en,,,,,True,
670,627202156626624512,Pacific Time (US & Canada),en,,31.10.13 bt,,,True,
676,627202282833190912,Mountain Time (US & Canada),en,,montréαl,,,True,
677,627202282661249024,,en,,"Dallas, TX",,,,True
680,627202301653045248,Pacific Time (US & Canada),en,,New York,,,True,
686,627202324608499712,Eastern Time (US & Canada),en,,,,,True,
687,627202328274190336,Pacific Time (US & Canada),en,,Portland,,,True,
690,627202353435947008,Central Time (US & Canada),en,,"ÜT: 9.046986,-79.475953",,,True,
693,627202366832529409,Eastern Time (US & Canada),en,,"Roanoke, VA, USA",,,True,
695,627202381852315648,Pacific Time (US & Canada),en,,New York,,,True,
697,627202388089245696,Central Time (US & Canada),en,,"Bon Temps, LA",,,True,
701,627202406732967936,,en,,"Urbana, IL",,,,True
705,627202426169200640,,en,,"Houston, TX",,,,True
706,627202429898084352,Eastern Time (US & Canada),en,,"11607 Euclid Ave, Cleveland OH",,,True,
707,627202431600869376,Central Time (US & Canada),cy,," Molon Labe, TEXAS ",,,True,
709,627202446213914624,Eastern Time (US & Canada),en,,"Ottawa, Ontario, Canada",,,True,
710,627202452052406272,Central Time (US & Canada),en,,,,,True,
712,627202459774005248,,en,,"Oldsmar, FL",,,,True
713,627202461976162304,Central Time (US & Canada),en,,,,,True,
715,627202487150342144,,en,,New York,,,,True
726,627202537934884864,Pacific Time (US & Canada),en,,at peace,,,True,
727,627202551994257409,Eastern Time (US & Canada),en,,"Atlanta, GA",,,True,
729,627202558134583296,Pacific Time (US & Canada),en,,,,,True,
732,627202582016995328,Eastern Time (US & Canada),en,,"San Francisco, CA",,,True,
736,627202598441848832,Pacific Time (US & Canada),en,,,,,True,
737,627202605639434241,,en,,"Cincinnati, Ohio",,,,True
741,627202642058571776,,en,,Ohio,,,,True
743,627202646223548416,Central Time (US & Canada),en,,,,,True,
747,627202664732995584,Eastern Time (US & Canada),en,United States,"Ruskin, Florida ","[27.38946, -82.456322]",True,,
748,627202665005608960,Eastern Time (US & Canada),en,,❤❤❤  Canada  ❤❤❤,,,True,
749,627202683296837636,Mountain Time (US & Canada),en,,"South Jordan UT, USA",,,True,
753,627202697217703936,Central Time (US & Canada),es,,,,,True,
755,627202718940028929,Eastern Time (US & Canada),en,United States,"DFW, Texas","[32.814018, -96.948895]",True,,
762,627202773189136384,Central Time (US & Canada),cy,," Molon Labe, TEXAS ",,,True,
764,627202793334386688,Central Time (US & Canada),en,,booty hole,,,True,
765,627202800632602625,Eastern Time (US & Canada),en,,,,,True,
767,627202820916269057,Eastern Time (US & Canada),en,,,,,True,
768,627202825483878400,Pacific Time (US & Canada),en,,New York,,,True,
771,627202838666563584,,en,,"Massachusetts, USA",,,,True
772,627202848871292928,Eastern Time (US & Canada),en,,NC,,,True,
773,627202851798917120,Eastern Time (US & Canada),en,,,,,True,
774,627202851631165441,Hawaii,en,,"Melbourne, Australia",,,True,
775,627202851668889600,Central Time (US & Canada),en,,"Memphis, TN",,,True,
784,627202912922566656,Pacific Time (US & Canada),en,,"San Francisco, CA",,,True,
785,627202918991572992,Eastern Time (US & Canada),en,,USA,,,True,
786,627202922502340608,Pacific Time (US & Canada),en,,,,,True,
787,627202923181789185,,en,,USA,,,,True
788,627202925299941376,Eastern Time (US & Canada),en,,"Brooklyn, NY",,,True,
791,627202952634212352,,en,,USA,,,,True
795,627203002508701696,,en,,USA,,,,True
798,627203015632637952,Pacific Time (US & Canada),en,,,,,True,
803,627203051586109440,Pacific Time (US & Canada),en,,New York,,,True,
805,627203059224059904,Eastern Time (US & Canada),en,,Fort Lauderdale,,,True,
809,627203067646074881,Eastern Time (US & Canada),en,United States,"Michigan, USA",,True,,
811,627203072683589632,Pacific Time (US & Canada),en,,New York,,,True,
814,627203093873229824,Eastern Time (US & Canada),en,,SF & DC,,,True,
816,627203107420831744,Pacific Time (US & Canada),en,,Internet,,,True,
823,627203162945003520,Pacific Time (US & Canada),no,,,,,True,
824,627203168363937792,Central Time (US & Canada),en,,21 bag juice street kingston13,,,True,
825,627203167902679040,Eastern Time (US & Canada),en,,USA,,,True,
828,627203185245958144,Pacific Time (US & Canada),en,,lindsey,,,True,
830,627203207777886208,Central Time (US & Canada),en,,Grand Rapids,,,True,
833,627203223355543552,,en,,"Lowell, NC",,,,True
834,627203226614505473,Pacific Time (US & Canada),en,,New York,,,True,
842,627203260475047937,Central Time (US & Canada),en,,21 bag juice street kingston13,,,True,
844,627203267211173888,Pacific Time (US & Canada),en,,New York,,,True,
845,627203271371980800,Pacific Time (US & Canada),en,,,,,True,
848,627203285049606145,Eastern Time (US & Canada),es,,,,,True,
849,627203301608673280,Pacific Time (US & Canada),en,,New York,,,True,
853,627203338048806912,Mountain Time (US & Canada),en,,"Santa Fe, NM",,,True,
854,627203337985900549,,en,,"Atlanta, Georgia",,,,True
855,627203353160876032,Pacific Time (US & Canada),en,,,,,True,
860,627203382244188160,Central Time (US & Canada),en,,VA,,,True,
861,627203390997700608,Pacific Time (US & Canada),en,,New York,,,True,
862,627203392570527744,Pacific Time (US & Canada),en,,New York,,,True,
863,627203396622282752,,en,,"Baltimore, MD",,,,True
864,627203398761349120,Eastern Time (US & Canada),en,,,,,True,
868,627203425663623168,Mountain Time (US & Canada),es,,,,,True,
869,627203429107138560,Pacific Time (US & Canada),en,,,,,True,
875,627203470844674048,Eastern Time (US & Canada),en,,Mohrsville PA,,,True,
876,627203493091246080,Eastern Time (US & Canada),en,,Fort Lauderdale,,,True,
881,627203565401018369,,en,,"Baltimore, MD",,,,True
886,627203583142948865,Pacific Time (US & Canada),en,,,,,True,
891,627203650310569984,Pacific Time (US & Canada),en,,New York,,,True,
892,627203657881157632,Pacific Time (US & Canada),en,,trash can,,,True,
897,627203670686453760,Pacific Time (US & Canada),en,,Princess of the Shadow Web,,,True,
898,627203676696875008,Central Time (US & Canada),en,,"38.624413,-90.320575",,,True,
899,627203683051307008,Eastern Time (US & Canada),en,,"Mountain View, CA",,,True,
901,627203718266667009,Pacific Time (US & Canada),en,,New York,,,True,
903,627203720082657280,Pacific Time (US & Canada),en,,SF North Bay Area CA,,,True,
904,627203723903668224,,en,,NY & LA,,,,True
913,627203773035745280,Eastern Time (US & Canada),en,,United States,,,True,
914,627203778014498817,Pacific Time (US & Canada),en,,,,,True,
916,627203794321936384,,en,,"Auxvasse, MO",,,,True
918,627203819999502341,Central Time (US & Canada),en,,"Omaha, NE",,,True,
919,627203821878554628,,en,,"Pennsylvania, USA",,,,True
923,627203845500878848,,en,,Rhode Island,,,,True
933,627203901578682368,Pacific Time (US & Canada),en,,"England, United Kingdom",,,True,
936,627203906368634880,Pacific Time (US & Canada),en,,Seattle,,,True,
937,627203918473236480,Pacific Time (US & Canada),en,,"Bakersfield, CA",,,True,
938,627203920557965312,,en,,USA,,,,True
939,627203922482982912,Eastern Time (US & Canada),en,,New Jersey,,,True,
942,627203934743101440,Pacific Time (US & Canada),en,,,,,True,
943,627203939922919424,Pacific Time (US & Canada),en,,"Staten Island, NY",,,True,
944,627203950039670784,Pacific Time (US & Canada),en,,United States,,,True,
945,627203962031206401,Pacific Time (US & Canada),en,,,,,True,
949,627203991114416128,,en,,"Kansas, USA",,,,True
954,627204025448935425,Central Time (US & Canada),cy,," Molon Labe, TEXAS ",,,True,
955,627204041383223296,Central Time (US & Canada),en,,"Etsy, RubyLane, Facebook",,,True,
959,627204060790292481,Pacific Time (US & Canada),en,,· byrne · schilling · prepon ,,,True,
968,627204084504748032,Eastern Time (US & Canada),en,,riding the hippogriff ,,,True,
971,627204106055221248,Eastern Time (US & Canada),en,,"Brazil, Porto Alegre",,,True,
975,627204124535300096,Pacific Time (US & Canada),en,,New York,,,True,
980,627204155074023424,Pacific Time (US & Canada),en,,,,,True,
981,627204162963533824,Pacific Time (US & Canada),en,,,,,True,
982,627204168843948032,Pacific Time (US & Canada),en,,Internets,,,True,
984,627204169204637698,Pacific Time (US & Canada),en,,,,,True,
986,627204185532968960,Pacific Time (US & Canada),en,,,,,True,
987,627204189748359169,Eastern Time (US & Canada),en,,Death Star,,,True,
992,627204233029226496,Eastern Time (US & Canada),en,,Canada,,,True,
993,627204244374949888,Pacific Time (US & Canada),en,,,,,True,
994,627204260854374400,Pacific Time (US & Canada),en,,"Minnesota, USA",,,True,
995,627204273374392320,Pacific Time (US & Canada),en,,,,,True,
1000,627204297432784896,Pacific Time (US & Canada),en,,AndreMariElla Con 2k15 ft. Mel,,,True,
1006,627204322388873216,Eastern Time (US & Canada),en,,,,,True,
1007,627204323601022976,Central Time (US & Canada),en,,"Chicago, IL",,,True,
1008,627204324695932928,Eastern Time (US & Canada),en,,Death Star,,,True,
1009,627204330744086529,Eastern Time (US & Canada),en,,"Alexandria, MN",,,True,
1017,627204375035953154,Pacific Time (US & Canada),en,,"Auburn, Washington",,,True,
1018,627204374956261376,Pacific Time (US & Canada),en,,New York,,,True,
1019,627204377212755969,Eastern Time (US & Canada),en,,,,,True,
1028,627204424075710464,Eastern Time (US & Canada),und,,Western New York,,,True,
1032,627204450260779008,,en,,Eglin,,,,True
1035,627204470485729280,Pacific Time (US & Canada),en,,New York,,,True,
1036,627204470947082240,Pacific Time (US & Canada),en,,Los Angeles,,,True,
1037,627204483416588288,Hawaii,ja,,"Tokyo,Japan",,,True,
1038,627204507718582272,Pacific Time (US & Canada),sk,,ana$tasia,,,True,
1040,627204513020145664,,en,,"San Jose, California",,,,True
1045,627204574370263040,Pacific Time (US & Canada),en,,New York,,,True,
1048,627204591571050496,Pacific Time (US & Canada),en,,,,,True,
1051,627204597002674176,Pacific Time (US & Canada),en,,New York,,,True,
1055,627204604476960769,Pacific Time (US & Canada),en,,New York,,,True,
1057,627204612639064064,Eastern Time (US & Canada),en,,"Opelucid City, Unova",,,True,
1058,627204616946520065,,en,,"Aumsville, OR",,,,True
1059,627204619551182848,Pacific Time (US & Canada),en,,USA,,,True,
1060,627204624257318913,Pacific Time (US & Canada),en,,New York,,,True,
1062,627204632473939969,Central Time (US & Canada),und,,,,,True,
1065,627204636911534080,Pacific Time (US & Canada),en,,New York,,,True,
1067,627204640946397184,Central Time (US & Canada),en,,,,,True,
1070,627204656314380288,Eastern Time (US & Canada),ar,,,,,True,
1075,627204676602073088,Central Time (US & Canada),cy,,,,,True,
1076,627204679898796032,Pacific Time (US & Canada),en,,"Portland, OR",,,True,
1081,627204766872043520,,en,,"San Diego, California",,,,True
1084,627204800845889537,Eastern Time (US & Canada),en,,wonderland☠,,,True,
1089,627204821427310592,,en,,"Houston, Texas",,,,True
1096,627204840909860865,Eastern Time (US & Canada),en,,Toronto,,,True,
1101,627204874988572672,Pacific Time (US & Canada),en,,New York,,,True,
1102,627204878646050820,Eastern Time (US & Canada),en,,,,,True,
1108,627204910010888192,,en,,Texas,,,,True
1112,627204916508008448,Central Time (US & Canada),en,,Peachtree Corners,,,True,
1113,627204917342683140,Pacific Time (US & Canada),en,,New York,,,True,
1115,627204930923798529,Pacific Time (US & Canada),en,,New York,,,True,
1121,627204964410982400,Pacific Time (US & Canada),en,,,,,True,
1124,627204982752698368,Pacific Time (US & Canada),en,,"California, USA",,,True,
1126,627204991019827200,Eastern Time (US & Canada),en,,New York City,,,True,
1127,627204993297203201,Pacific Time (US & Canada),en,,"California, USA",,,True,
1131,627205048880246784,Pacific Time (US & Canada),en,,New York,,,True,
1134,627205094384254976,Pacific Time (US & Canada),en,,icon- yourheadcanon.tumblr,,,True,
1137,627205099513884672,Pacific Time (US & Canada),en,,New York,,,True,
1138,627205100524716032,,und,,memphis,,,,True
1142,627205123668885510,Central Time (US & Canada),en,United States,"Atlanta,Vinings,Ga","[33.65852, -84.429428]",True,,
1143,627205124453089280,Pacific Time (US & Canada),sv,,Point Richmond ,,,True,
1144,627205126059495424,Central Time (US & Canada),en,,,,,True,
1145,627205128328757249,Eastern Time (US & Canada),en,,"Washington, DC",,,True,
1146,627205156682076161,Pacific Time (US & Canada),en,,"San Francisco, CA",,,True,
1147,627205160851374081,Eastern Time (US & Canada),en,,,,,True,
1149,627205182456246272,,en,,"Chicago, IL",,,,True
1150,627205183408316416,,en,,"Chicago, IL",,,,True
1151,627205184364617730,,en,,"Chicago, IL",,,,True
1152,627205185140461571,Mountain Time (US & Canada),en,,,,,True,
1154,627205198805618688,Eastern Time (US & Canada),en,,"Hamilton, Ohio",,,True,
1157,627205218736996352,Eastern Time (US & Canada),en,,,,,True,
1160,627205226244669440,Central Time (US & Canada),en,,"carthage, texas",,,True,
1161,627205226794229761,Eastern Time (US & Canada),en,,"Atlanta, GA, USA",,,True,
1163,627205233681240064,,en,United States,,"[37.699502, -123.012035]",True,,
1164,627205237233840128,Central Time (US & Canada),en,,Toronto,,,True,
1165,627205239943270404,,en,,New York City,,,,True
1167,627205254363357184,Pacific Time (US & Canada),en,United States,San Francisco,"[47.621496, -122.336218]",True,,
1168,627205255634231296,,en,,NYC,,,,True
1170,627205259526582272,,en,,NYC,,,,True
1172,627205270486282240,Pacific Time (US & Canada),en,,New York,,,True,
1175,627205283694010368,Hawaii,ja,,,,,True,
1176,627205303516426240,,en,,"Santa Monica, CA",,,,True
1178,627205318372642816,Eastern Time (US & Canada),en,,,,,True,
1182,627205346768089093,Eastern Time (US & Canada),en,United States,"Lancaster, PA",,True,,
1185,627205357153038336,Central Time (US & Canada),en,,Kingston Jamaica,,,True,
1186,627205358499434496,,en,,"Dallas, Texas",,,,True
1188,627205369740267521,Eastern Time (US & Canada),en,,,,,True,
1190,627205374878224384,,en,,OC - Orange County  California,,,,True
1191,627205375910150144,Central Time (US & Canada),en,,"New York, NY",,,True,
1193,627205395610796033,Central Time (US & Canada),en,,Florida,,,True,
1198,627205460379111428,Eastern Time (US & Canada),en,,riding the hippogriff ,,,True,
1201,627205475163963392,,en,,"San Antonio, TX",,,,True
1206,627205525076246528,,en,,"Kansas, USA",,,,True
1207,627205528939294720,,en,,"Santa Monica, CA",,,,True
1209,627205538372296705,,en,United States,,"[35.019119, -85.339326]",True,,
1211,627205554029637632,Eastern Time (US & Canada),en,,,,,True,
1217,627205593384796160,Eastern Time (US & Canada),cy,,,,,True,
1222,627205605200019456,Eastern Time (US & Canada),en,,NE Ohio/Floating Through Space,,,True,
1231,627205722078621696,Central Time (US & Canada),en,,,,,True,
1232,627205739233288194,Eastern Time (US & Canada),en,,,,,True,
1234,627205762520100864,Eastern Time (US & Canada),en,,"Local, Everywhere!™",,,True,
1235,627205766638907392,Eastern Time (US & Canada),en,,Canada,,,True,
1237,627205811966644224,Pacific Time (US & Canada),en,,Trapistan,,,True,
1239,627205825476603904,Central Time (US & Canada),en,,"Omaha, NE",,,True,
1246,627205883265548288,Central Time (US & Canada),en,," Molon Labe, TEXAS ",,,True,
1249,627205914693627908,Eastern Time (US & Canada),en,,,,,True,
1251,627205925267447808,Eastern Time (US & Canada),en,,"Fairfax, Virginia",,,True,
1255,627205937741303808,,en,,my grave,,,,True
1259,627205965163708416,,en,,my grave,,,,True
1262,627205993961816064,Eastern Time (US & Canada),en,,she/her • 43,,,True,
1267,627206012676796416,Central Time (US & Canada),en,,Chicago,,,True,
1277,627206106272677888,Central Time (US & Canada),en,,The Web,,,True,
1289,627206176648916992,Pacific Time (US & Canada),en,,,,,True,
1292,627206209360105472,Central Time (US & Canada),cy,," Molon Labe, TEXAS ",,,True,
1296,627206249332015105,Eastern Time (US & Canada),en,,"Brookline, MA, USA",,,True,
1297,627206258907611136,Pacific Time (US & Canada),en,,,,,True,
1299,627206289496645632,,pt,,westeros,,,,True
1300,627206293925658625,,cy,,Arizona State,,,,True
1305,627206342839631872,,cy,,"Visalia, CA",,,,True
1306,627206363148464128,Pacific Time (US & Canada),en,,"Atlanta, GA",,,True,
1308,627206378495438849,Pacific Time (US & Canada),en,,"Atlanta, GA",,,True,
1311,627206394005970945,Central Time (US & Canada),en,,,,,True,
1313,627206426365046785,,en,,"Oldsmar, FL",,,,True
1315,627206445549944832,Eastern Time (US & Canada),en,,"New York, NY, USA",,,True,
1316,627206452424392704,Pacific Time (US & Canada),en,,,,,True,
1317,627206461643431938,Eastern Time (US & Canada),en,,"Delaware, U.S. ⛅️",,,True,
1318,627206463321206784,Eastern Time (US & Canada),en,,"Cincinnati, OH",,,True,
1320,627206494828761088,Eastern Time (US & Canada),en,,"Ellicott City, MD",,,True,
1325,627206540466913280,Central Time (US & Canada),en,United States,,,True,,
1327,627206549635731456,Eastern Time (US & Canada),en,,NYC,,,True,
1332,627206574797238272,Eastern Time (US & Canada),cy,,Dallas tx,,,True,
1333,627206579880771585,,en,,"Portland, OR USA",,,,True
1334,627206585316704256,Central Time (US & Canada),en,,LINCOLN | nebraska,,,True,
1335,627206590182068224,Eastern Time (US & Canada),en,,"Tallahassee, FL",,,True,
1338,627206597354217473,Central Time (US & Canada),en,,"Portland, OR",,,True,
1343,627206628060856322,Eastern Time (US & Canada),en,,"Lincoln, NE",,,True,
1344,627206647673454592,Eastern Time (US & Canada),en,,"Atlanta, Ga",,,True,
1346,627206665125822464,Central Time (US & Canada),es,,,,,True,
1358,627206739809685505,Central Time (US & Canada),en,,"Springfield, Mo./Joplin, Mo.",,,True,
1363,627206747841691648,Pacific Time (US & Canada),en,,"San Diego, CA",,,True,
1366,627206820759625732,Pacific Time (US & Canada),ru,,,,,True,
1367,627206823355940864,Pacific Time (US & Canada),en,,"San Francisco, CA",,,True,
1369,627206867010256896,,en,,"Maryland, USA",,,,True
1370,627206868071415808,,en,,Portland,,,,True
1374,627206884240416768,Pacific Time (US & Canada),en,,"Sna Jose, Ca USA",,,True,
1375,627206889542172672,Eastern Time (US & Canada),en,United States,Sweet Home Alabama ,,True,,
1376,627206891328937984,Eastern Time (US & Canada),en,,,,,True,
1378,627206897725149184,Central Time (US & Canada),en,,"Chicago, IL",,,True,
1380,627206929853448192,,en,,"Oldsmar, FL",,,,True
1381,627206938170789888,Pacific Time (US & Canada),cy,,"Vallejo, CA",,,True,
1383,627206948874645504,Pacific Time (US & Canada),en,,"San Juan Capistrano, CA",,,True,
1384,627206976594923520,Eastern Time (US & Canada),en,,"Hagerstown, MD",,,True,
1388,627207003262201856,Pacific Time (US & Canada),en,,"San Diego, CA",,,True,
1393,627207040834732032,Pacific Time (US & Canada),en,,,,,True,
1396,627207071440568321,Pacific Time (US & Canada),en,,"Glen Allen, VA",,,True,
1402,627207102029778947,Eastern Time (US & Canada),en,,Canada,,,True,
1403,627207105188102144,Eastern Time (US & Canada),en,,"Florida, USA",,,True,
1405,627207109197758464,Eastern Time (US & Canada),en,,,,,True,
1406,627207109977882624,Pacific Time (US & Canada),en,,San Francisco & Amsterdam,,,True,
1410,627207113719291904,Eastern Time (US & Canada),en,,"Boston, MA",,,True,
1413,627207117183811585,Eastern Time (US & Canada),en,,Moncton,,,True,
1417,627207123412258816,,en,,"Austin, TX",,,,True
1419,627207131893211136,Pacific Time (US & Canada),en,,,,,True,
1422,627207138729791488,Central Time (US & Canada),en,,Chicago,,,True,
1427,627207153653133312,Eastern Time (US & Canada),en,,,,,True,
1428,627207173274238976,Eastern Time (US & Canada),en,,,,,True,
1432,627207201623515136,Eastern Time (US & Canada),en,,"New York City, NY",,,True,
1434,627207203997364224,Eastern Time (US & Canada),en,,worldwide,,,True,
1437,627207223832240128,,en,,"Oldsmar, FL",,,,True
1441,627207241448357888,,en,,"Massachusetts, USA",,,,True
1447,627207303104720896,Eastern Time (US & Canada),en,,,,,True,
1450,627207329734209537,Pacific Time (US & Canada),en,,"Portland, OR, USA",,,True,
1452,627207339922296833,Eastern Time (US & Canada),en,,,,,True,
1455,627207353050472449,Eastern Time (US & Canada),en,,Canada,,,True,
1456,627207372042186752,Central Time (US & Canada),en,,"Clive, Iowa",,,True,
1457,627207384839000064,Eastern Time (US & Canada),en,United States,"Kansas City, Missouri ",,True,,
1458,627207387863248896,,en,,"FLATBUSH,  BROOKLYN",,,,True
1464,627207420553633792,Eastern Time (US & Canada),en,,Earth,,,True,
1466,627207431056150529,,en,,north wales,,,,True
1479,627207480918020096,Eastern Time (US & Canada),en,,,,,True,
1480,627207488576843777,Eastern Time (US & Canada),en,,"Atlanta, Ga ",,,True,
1483,627207521799790593,Quito,en,United States,International,,True,,
1484,627207532826767360,Pacific Time (US & Canada),it,,azulcats*__*,,,True,
1487,627207572710232064,Central Time (US & Canada),en,,"Minneapolis, Minnesota",,,True,
1488,627207572433440768,Pacific Time (US & Canada),en,,,,,True,
1500,627207694630449153,,en,,Crystal Temple,,,,True
1502,627207707389521920,Pacific Time (US & Canada),en,,Alexandria,,,True,
1504,627207724674220032,Pacific Time (US & Canada),en,,,,,True,
1506,627207726834286592,Pacific Time (US & Canada),ru,,,,,True,
1507,627207725425000449,Pacific Time (US & Canada),en,,,,,True,
1508,627207731108257792,Eastern Time (US & Canada),en,,"Toronto, Ontario, Canada",,,True,
1512,627207761609109504,Mountain Time (US & Canada),en,,"Boulder, Co",,,True,
1517,627207790222667776,,en,,"Oldsmar, FL",,,,True
1529,627207893180411904,,en,,"New York, New York",,,,True
1531,627207920510308352,Pacific Time (US & Canada),en,,,,,True,
1543,627207998767652864,Eastern Time (US & Canada),de,,"San Antonio, TX",,,True,
1544,627208002785910784,Pacific Time (US & Canada),en,,,,,True,
1545,627208003385729024,,en,,"troy, NY",,,,True
1546,627208003763056640,Central Time (US & Canada),en,,Michigan,,,True,
1547,627208004237029376,,en,,"Texas, USA",,,,True
1548,627208005398892544,,en,,"Fort Worth, Texas",,,,True
1550,627208011975520256,Pacific Time (US & Canada),en,,California,,,True,
1551,627208018623602694,Eastern Time (US & Canada),en,,,,,True,
1553,627208024441135104,,en,,"Greensburg, PA",,,,True
1555,627208042140971008,,en,,"Oldsmar, FL",,,,True
1557,627208063007727616,Eastern Time (US & Canada),en,,"Seattle, WA",,,True,
1564,627208107781943296,Central Time (US & Canada),en,,Iowa,,,True,
1569,627208150291214336,Eastern Time (US & Canada),en,,"Pickerington, OH",,,True,
1572,627208156272283648,Eastern Time (US & Canada),en,,"Waban, MA",,,True,
1585,627208182767616000,Pacific Time (US & Canada),en,,"Kootenays, B.C., Canada",,,True,
1586,627208217651736577,Central Time (US & Canada),en,,"Harrison, Arkansas",,,True,
1591,627208234827448321,,en,,Ohio,,,,True
1592,627208236043665408,Eastern Time (US & Canada),en,,,,,True,
1595,627208245296431104,,en,,beach city,,,,True
1599,627208312300376064,Eastern Time (US & Canada),cy,,,,,True,
1606,627208365991538689,Pacific Time (US & Canada),en,,,,,True,
1608,627208382030544896,Central Time (US & Canada),en,,"Illinois, USA",,,True,
1609,627208384303923200,Central Time (US & Canada),en,,"Houston, Texas",,,True,
1610,627208398170365952,Eastern Time (US & Canada),en,,,,,True,
1611,627208399269273601,Central Time (US & Canada),bs,,"New York, NY",,,True,
1613,627208402054348800,Eastern Time (US & Canada),en,,"Harrisburg, PA",,,True,
1614,627208406307352576,Eastern Time (US & Canada),en,,"Farmington,NY",,,True,
1617,627208411554410500,Central Time (US & Canada),en,,,,,True,
1622,627208435579400192,Central Time (US & Canada),en,,,,,True,
1626,627208448929697793,,en,,Litchfield ,,,,True
1627,627208453325500416,,en,,"Philadelphia, Pennsylvania",,,,True
1628,627208458442387456,Pacific Time (US & Canada),en,,"California, USA",,,True,
1631,627208467128975360,Central Time (US & Canada),en,,U.S. • New Zealand,,,True,
1632,627208467435102208,Hawaii,en,,Sheffield/Leeds,,,True,
1635,627208486464589824,Central Time (US & Canada),en,,,,,True,
1636,627208489849335808,Pacific Time (US & Canada),en,,México,,,True,
1640,627208497042604032,,en,,"University of California, LA",,,,True
1641,627208497516576768,Pacific Time (US & Canada),en,,"Huntington Beach, CA",,,True,
1642,627208499873775616,Mountain Time (US & Canada),en,,"Calgary, Alberta, Canada",,,True,
1644,627208513891074048,Central Time (US & Canada),en,,"Nashville, TN",,,True,
1654,627208597642981376,Central Time (US & Canada),en,,"Centre, Alabama",,,True,
1659,627208621680521216,Alaska,en,,Everywhere,,,True,
1663,627208627036647424,Eastern Time (US & Canada),en,,"Ithaca, MI",,,True,
1667,627208660465393664,Pacific Time (US & Canada),en,,"Mountain View, CA",,,True,
1671,627208701263413252,Central Time (US & Canada),en,United States,$outhern Livin',,True,,
1676,627208750047326208,Eastern Time (US & Canada),en,,New Jersey,,,True,
1688,627208822369742848,Central Time (US & Canada),en,,,,,True,
1690,627208836269608960,Eastern Time (US & Canada),en,,"Ithaca, MI",,,True,
1691,627208836550672384,Pacific Time (US & Canada),en,,,,,True,
1695,627208860248309760,Pacific Time (US & Canada),en,,México,,,True,
1702,627208897133056000,,en,,Litchfield ,,,,True
1704,627208915781087232,Eastern Time (US & Canada),en,,"Opelucid City, Unova",,,True,
1707,627208930326933504,Eastern Time (US & Canada),en,,the starz,,,True,
1708,627208930964471808,Eastern Time (US & Canada),en,,justins heart :),,,True,
1709,627208932826738689,Eastern Time (US & Canada),en,,,,,True,
1711,627208937947983872,Eastern Time (US & Canada),en,,,,,True,
1712,627208948899270656,Eastern Time (US & Canada),en,,@SpacialRadiance,,,True,
1714,627208970730663936,Pacific Time (US & Canada),en,,,,,True,
1718,627209001055334400,Eastern Time (US & Canada),en,,"Cleveland, OH",,,True,
1721,627209006248009728,Eastern Time (US & Canada),en,,"The Triangle, NC",,,True,
1723,627209014431084545,Eastern Time (US & Canada),en,,,,,True,
1732,627209069552648192,Pacific Time (US & Canada),en,,,,,True,
1734,627209079216295936,Pacific Time (US & Canada),en,,,,,True,
1735,627209081598685184,Pacific Time (US & Canada),en,,,,,True,
1736,627209081330208768,Pacific Time (US & Canada),en,,,,,True,
1738,627209102603780096,Central Time (US & Canada),en,,,,,True,
1740,627209118558896132,,en,,"Bridgeport, CT",,,,True
1742,627209125882142720,Eastern Time (US & Canada),en,,"The middle of nowhere, PA",,,True,
1744,627209131225686016,Eastern Time (US & Canada),en,,New Hampshire,,,True,
1745,627209134878916608,Central Time (US & Canada),en,,"Cape Girardeau, MO",,,True,
1755,627209189631389696,,en,,"Ohio, USA",,,,True
1757,627209207700410368,Eastern Time (US & Canada),en,,"Toronto, Canada",,,True,
1761,627209218647531524,,en,,USA,,,,True
1765,627209236519493632,Central Time (US & Canada),en,,"Dallas, TX USA",,,True,
1767,627209243003912193,Eastern Time (US & Canada),en,,Sailing the Seas of Kief (NJ),,,True,
1773,627209261928591360,Eastern Time (US & Canada),en,,♡ella♡ 1/3,,,True,
1775,627209266034831360,Central Time (US & Canada),en,,Chicago,,,True,
1778,627209277523009537,Pacific Time (US & Canada),en,,,,,True,
1781,627209287140442112,Pacific Time (US & Canada),en,,,,,True,
1785,627209303288483840,,en,,Arizona,,,,True
1789,627209321407979521,Eastern Time (US & Canada),en,,IG: tessasmalls,,,True,
1790,627209324159483904,Central Time (US & Canada),en,,PCB Floridaa,,,True,
1792,627209348058517508,,en,,"Kent, Washington",,,,True
1796,627209367406784512,Eastern Time (US & Canada),en,,"Dayton, Ohio",,,True,
1798,627209375460012032,Eastern Time (US & Canada),en,,The Milky Way,,,True,
1804,627209412298571776,Pacific Time (US & Canada),en,,,,,True,
1807,627209425393184768,Pacific Time (US & Canada),pt,,,,,True,
1810,627209429260238850,Pacific Time (US & Canada),en,,"rochester, ny, usa",,,True,
1811,627209439028887552,Pacific Time (US & Canada),en,,,,,True,
1813,627209443609038848,Central Time (US & Canada),en,,"Memphis, TN",,,True,
1816,627209466363150337,Pacific Time (US & Canada),en,,OGUN & LAGOS STATE,,,True,
1817,627209467449483264,Pacific Time (US & Canada),en,,,,,True,
1821,627209495010152448,,en,,"Columbia, SC",,,,True
1828,627209517554511872,,en,,"Portland, OR USA",,,,True
1832,627209534629543936,,en,,"Las Vegas, NV",,,,True
1833,627209547363385345,Eastern Time (US & Canada),en,,in justin's arms,,,True,
1834,627209550152777728,Pacific Time (US & Canada),en,,"Vancouver, Canada",,,True,
1838,627209583837077505,,en,,"Flagstaff, AZ",,,,True
1856,627209641106219008,Pacific Time (US & Canada),en,,"Silicon Valley, Calif.",,,True,
1861,627209655668715520,Pacific Time (US & Canada),en,,"California, USA",,,True,
1864,627209675306606592,Pacific Time (US & Canada),en,,"Edmonds/Seattle, WA",,,True,
1868,627209686245224449,Pacific Time (US & Canada),en,,♡robin♡ ; 1/3,,,True,
1869,627209689701421056,Eastern Time (US & Canada),fr,,,,,True,
1873,627209737755430913,Eastern Time (US & Canada),en,,,,,True,
1876,627209754918567936,Eastern Time (US & Canada),en,,,,,True,
1877,627209758228017152,Pacific Time (US & Canada),pt,,azulcats*__*,,,True,
1880,627209790494744576,Central Time (US & Canada),en,,"Boston, MA",,,True,
1882,627209823646412804,Mountain Time (US & Canada),en,,,,,True,
1884,627209825777229824,Pacific Time (US & Canada),en,,San Francisco / LJ,,,True,
1885,627209828205789184,Central Time (US & Canada),en,,"Minneapolis, MN",,,True,
1889,627209828214120448,Central Time (US & Canada),en,,,,,True,
1891,627209828277088256,Pacific Time (US & Canada),en,,Bahamas,,,True,
1893,627209828277035008,Eastern Time (US & Canada),en,,"California, USA",,,True,
1894,627209828369334272,Eastern Time (US & Canada),en,,mention me for a followback,,,True,
1895,627209828339974144,Eastern Time (US & Canada),en,,"California, USA",,,True,
1897,627209828348391424,Mountain Time (US & Canada),en,,,,,True,
1898,627209828444827649,Eastern Time (US & Canada),en,,In The Minds Of Many,,,True,
1900,627209828495175680,Eastern Time (US & Canada),en,,,,,True,
1911,627209828524494848,Central Time (US & Canada),en,,Rotterdam,,,True,
1913,627209828566454272,Eastern Time (US & Canada),en,,Worldwide,,,True,
1914,627209828428087296,Central Time (US & Canada),en,,I dont have hoes,,,True,
1915,627209828650369024,Eastern Time (US & Canada),en,,"Chicago,IL",,,True,
1916,627209828537106432,Pacific Time (US & Canada),en,,,,,True,
1918,627209828604231680,Mountain Time (US & Canada),en,,,,,True,
1919,627209828524498944,Central Time (US & Canada),en,,,,,True,
1922,627209828667101184,Central Time (US & Canada),en,,"Chicago, IL",,,True,
1923,627209828532920320,Eastern Time (US & Canada),en,,Eastside ,,,True,
1926,627209828847480832,Central Time (US & Canada),en,,,,,True,
1927,627209828914601985,Pacific Time (US & Canada),en,,Paradise,,,True,
1928,627209828549660672,Central Time (US & Canada),en,,SoCal ,,,True,
1929,627209829115908096,Central Time (US & Canada),en,,thotville,,,True,
1931,627209829573087233,Central Time (US & Canada),en,,In the wind,,,True,
1932,627209829543735296,Central Time (US & Canada),en,,City Of Wolves (MN),,,True,
1936,627209843162492928,Pacific Time (US & Canada),en,,"Portland, Oregon",,,True,
1941,627209859482669056,Pacific Time (US & Canada),en,,Telford,,,True,
1943,627209873546063872,,en,,"Portland, OR",,,,True
1948,627209884728070144,,en,,"Detroit, MI",,,,True
1949,627209884992339968,,en,,USA,,,,True
1952,627209894433652737,,en,,"Flagstaff, AZ",,,,True
1953,627209895717138433,Mountain Time (US & Canada),en,,,,,True,
1954,627209895939436544,Mountain Time (US & Canada),en,,,,,True,
1955,627209898284052480,Pacific Time (US & Canada),en,,,,,True,
1959,627209907234680832,Pacific Time (US & Canada),en,,Southern California,,,True,
1960,627209911735291904,Central Time (US & Canada),en,,,,,True,
1961,627209913626959872,Pacific Time (US & Canada),en,,,,,True,
1964,627209941216985088,Mountain Time (US & Canada),und,,USA,,,True,
1967,627209961077112832,,und,,"Delray Beach, Fl",,,,True
1968,627209962020802561,,en,,Dallas,,,,True
1969,627209968664494080,Mountain Time (US & Canada),en,,"1900 Central Pky, Cincinnati",,,True,
1970,627209971118272512,Central Time (US & Canada),en,,,,,True,
1983,627210050835066880,Eastern Time (US & Canada),en,,"Phoenixville, PA",,,True,
1986,627210064596738048,Pacific Time (US & Canada),en,,Los Angeles,,,True,
1987,627210076583911424,Hawaii,en,,,,,True,
1989,627210097341673472,Eastern Time (US & Canada),en,,Behind the wheels of horror,,,True,
1992,627210136478740480,Eastern Time (US & Canada),en,,"Atlanta, Ga",,,True,
1993,627210138630377472,Eastern Time (US & Canada),en,,"Cary, NC",,,True,
1994,627210143621447680,Mountain Time (US & Canada),en,,"Milwaukee, WI",,,True,
1998,627210162059759616,Eastern Time (US & Canada),en,,woodstock ,,,True,
1999,627210173136916480,Central Time (US & Canada),en,,I Let Yu Knw Wen I Get There,,,True,
2004,627210204124286976,Mountain Time (US & Canada),und,,USA,,,True,
2005,627210207383429120,Pacific Time (US & Canada),en,,,,,True,
2007,627210220238991360,America/New_York,en,United States,Florida,,True,,
2008,627210233660641280,Central Time (US & Canada),en,,"San Diego, CA",,,True,
2009,627210242166771712,Eastern Time (US & Canada),en,,jarratt Virginia ,,,True,
2013,627210250743996416,Hawaii,en,,seattle,,,True,
2015,627210256939151360,,en,,USA,,,,True
2016,627210258629423104,,en,,"Massachusetts, USA",,,,True
2019,627210277352833024,,en,,USA,,,,True
2020,627210287041654784,Eastern Time (US & Canada),en,,,,,True,
2023,627210310999502849,Pacific Time (US & Canada),en,,,,,True,
2027,627210335397781504,,en,,Seattle,,,,True
2030,627210353785610240,Eastern Time (US & Canada),en,,USA,,,True,
2041,627210422861459457,,en,,"Provo, UT",,,,True
2044,627210428616044544,,en,,"Culver City, CA",,,,True
2046,627210444059615232,,en,,New York ,,,,True
2048,627210463219216384,,en,,"Sacramento, CA",,,,True
2049,627210467933446144,Central Time (US & Canada),en,,,,,True,
2050,627210470953320449,Central Time (US & Canada),es,,México D.F.,,,True,
2055,627210526599315457,,en,,USA,,,,True
2057,627210531959496704,,cy,,"Sacramento, CA",,,,True
2058,627210535088435200,Pacific Time (US & Canada),en,,,,,True,
2060,627210554571137026,,en,,"Ohio, USA",,,,True
2061,627210568475254786,Central Time (US & Canada),en,,Somewhere,,,True,
2062,627210575693643777,Hawaii,en,,Sheffield/Leeds,,,True,
2064,627210610758033408,Central Time (US & Canada),en,,Somewhere,,,True,
2066,627210614113464321,,en,,USA,,,,True
2068,627210618572013570,,en,,USA,,,,True
2071,627210627329605632,Pacific Time (US & Canada),en,,,,,True,
2072,627210632752930821,,en,,USA,,,,True
2074,627210653820829696,Eastern Time (US & Canada),en,,"Independence, OH",,,True,
2075,627210660343083008,Eastern Time (US & Canada),en,,"Brooklyn, NY",,,True,
2079,627210691796201472,Eastern Time (US & Canada),en,,St. Pete,,,True,
2080,627210741406400512,Pacific Time (US & Canada),en,,Princess of the Shadow Web,,,True,
2083,627210788235816960,Eastern Time (US & Canada),en,,½ Biko Wins,,,True,
2090,627210832343011329,Eastern Time (US & Canada),en,,,,,True,
2094,627210877033295873,Eastern Time (US & Canada),en,,denial,,,True,
2097,627210886977970176,Pacific Time (US & Canada),en,,"Orange County, CA",,,True,
2099,627210894838222848,Eastern Time (US & Canada),en,,,,,True,
2101,627210909665116160,Pacific Time (US & Canada),en,,,,,True,
2109,627210944855343104,Eastern Time (US & Canada),en,,USA and Territories,,,True,
2111,627210948080717825,Eastern Time (US & Canada),en,,,,,True,
2118,627210970377682945,Central Time (US & Canada),nl,,,,,True,
2119,627210970432151552,Central Time (US & Canada),nl,,,,,True,
2123,627210997711794176,Eastern Time (US & Canada),en,United States,Florida,,True,,
2124,627211000786386944,,en,United States,,"[37.699641, -123.011504]",True,,
2125,627211001402925056,Central Time (US & Canada),en,,"St. Louis, Missouri",,,True,
2127,627211006180237313,Pacific Time (US & Canada),en,,New York,,,True,
2128,627211010378575872,Central Time (US & Canada),en,,,,,True,
2129,627211010991112192,Central Time (US & Canada),en,,,,,True,
2135,627211049633214464,,en,,United States ,,,,True
2137,627211053395410944,Central Time (US & Canada),en,,,,,True,
2142,627211062111137792,Mountain Time (US & Canada),en,,Canada,,,True,
2147,627211074866151424,Eastern Time (US & Canada),en,,"Albuquerque, NM",,,True,
2148,627211097494433792,Pacific Time (US & Canada),en,,West Coast,,,True,
2152,627211110115098624,Central Time (US & Canada),en,,"St. Louis, Missouri",,,True,
2153,627211119757688832,Central Time (US & Canada),en,,Suburbs of Chi-Town,,,True,
2156,627211138246184960,Pacific Time (US & Canada),en,,"Texas, USA",,,True,
2157,627211142218260480,,en,,USA,,,,True
2160,627211177068785665,Central Time (US & Canada),en,,"Indianapolis, Indiana",,,True,
2162,627211194143801344,Eastern Time (US & Canada),en,,New York,,,True,
2167,627211210895826945,Central Time (US & Canada),en,,Wisconsin,,,True,
2170,627211237001195520,,en,,USA,,,,True
2172,627211248363536384,Eastern Time (US & Canada),en,,Appalachian Mtns West Virginia,,,True,
2175,627211269196673024,,en,,"Richmond, Va",,,,True
2180,627211275462967296,Pacific Time (US & Canada),en,,"Vancouver, B.C.",,,True,
2182,627211277954359296,Central Time (US & Canada),en,,"Atlanta, Georgia",,,True,
2185,627211298133012480,Pacific Time (US & Canada),en,,Northern California,,,True,
2188,627211303883509760,Central Time (US & Canada),en,,"St. Louis, Missouri",,,True,
2189,627211306140073984,,en,,New York ,,,,True
2191,627211314549538816,Eastern Time (US & Canada),en,,"Michigan, USA",,,True,
2193,627211322166345728,Pacific Time (US & Canada),en,,,,,True,
2199,627211372640735233,Mountain Time (US & Canada),en,,Minnesota   ,,,True,
2201,627211380932902912,Eastern Time (US & Canada),en,,,,,True,
2208,627211444166246403,,en,,"New York, NY",,,,True
2211,627211448436060160,Central Time (US & Canada),en,,"St. Louis, Missouri",,,True,
2216,627211478643417088,Central Time (US & Canada),en,,she/her • enfp ,,,True,
2220,627211538068336640,Eastern Time (US & Canada),en,,"Ann Arbor, Michigan",,,True,
2227,627211577318600704,Central Time (US & Canada),en,,"Memphis, TN",,,True,
2228,627211590354518016,Central Time (US & Canada),en,,"St. Louis, Missouri",,,True,
2230,627211610004848640,,en,,USA,,,,True
2232,627211625242722304,Eastern Time (US & Canada),en,,"Farmington,NY",,,True,
2234,627211659447279616,Pacific Time (US & Canada),en,,,,,True,
2239,627211694939320321,Pacific Time (US & Canada),en,,"Los Angeles, CA",,,True,
2240,627211704032751621,Pacific Time (US & Canada),en,,"London, England",,,True,
2242,627211711028797440,Pacific Time (US & Canada),en,,"London, England",,,True,
2244,627211733212512256,Central Time (US & Canada),en,,"St. Louis, Missouri",,,True,
2246,627211742611791872,Mountain Time (US & Canada),en,,Storybrooke Manie,,,True,
2248,627211754448138240,Eastern Time (US & Canada),en,,"Michigan, USA",,,True,
2250,627211782407393280,Pacific Time (US & Canada),en,,probably bent somewhere ,,,True,
2254,627211796122832896,Eastern Time (US & Canada),cy,,,,,True,
2255,627211802779250689,Eastern Time (US & Canada),en,,Neo Kobe,,,True,
2258,627211807447355393,Pacific Time (US & Canada),en,,"Portland, Oregon",,,True,
2262,627211849830805504,Eastern Time (US & Canada),en,,,,,True,
2263,627211852553043969,,en,,United States ,,,,True
2266,627211877140070400,Central Time (US & Canada),en,,,,,True,
2278,627211912409956352,Central Time (US & Canada),en,,"Canada, Milky Way, Universe ",,,True,
2285,627211980680531968,Pacific Time (US & Canada),en,United States,Washington,,True,,
2288,627212038339731457,,en,,USA,,,,True
2291,627212079536189440,Central Time (US & Canada),en,,,,,True,
2294,627212084896399360,Eastern Time (US & Canada),en,,N.C Raised L.A Fed ,,,True,
2297,627212099786264577,,en,,"Boston, Massachusetts",,,,True
2303,627212147664252928,Pacific Time (US & Canada),en,,,,,True,
2308,627212176491589632,,en,,"Oldsmar, FL",,,,True
2309,627212179440185344,Pacific Time (US & Canada),en,,Some where in the US,,,True,
2312,627212203054075904,Eastern Time (US & Canada),en,,"ÜT: 39.0821,-84.565073",,,True,
2313,627212204346093568,Alaska,en,,,,,True,
2314,627212205650509824,Alaska,en,,,,,True,
2315,627212206195757056,Alaska,no,,,,,True,
2316,627212206778793984,Alaska,fr,,,,,True,
2317,627212207462436864,Eastern Time (US & Canada),en,,,,,True,
2318,627212208825483264,Pacific Time (US & Canada),en,,Los Angeles / Buenos Aires,,,True,
2319,627212222716993536,Central Time (US & Canada),en,,Iowa,,,True,
2320,627212225506340864,,en,,Florida,,,,True
2321,627212228475883520,Eastern Time (US & Canada),en,,"Washington, DC",,,True,
2334,627212310054973441,Pacific Time (US & Canada),en,,"Calgary, Canada",,,True,
2335,627212324869402624,Pacific Time (US & Canada),ht,,buceta,,,True,
2337,627212335015456768,,en,,"New York , New York ",,,,True
2341,627212355173249025,Eastern Time (US & Canada),en,,"Long Island, NY",,,True,
2346,627212378766098432,Pacific Time (US & Canada),en,,in the cut ,,,True,
2351,627212393806983168,Pacific Time (US & Canada),en,,Karachi,,,True,
2352,627212404544245760,Pacific Time (US & Canada),en,,The Grid/Dark Places/Henderson,,,True,
2353,627212405915783169,Central Time (US & Canada),en,,"Lafayette, Louisiana",,,True,
2354,627212412765237248,Pacific Time (US & Canada),en,,,,,True,
2362,627212446462275585,,en,,United States,,,,True
2364,627212452254625792,Central Time (US & Canada),en,,"Ridgeland, MS",,,True,
2370,627212490368241664,Eastern Time (US & Canada),en,,"Boston, MA",,,True,
2374,627212516238561280,Central Time (US & Canada),es,,"Leon, Guanajuato",,,True,
2382,627212564687134720,Pacific Time (US & Canada),pt,,azulcats*__*,,,True,
2383,627212567824314368,Mountain Time (US & Canada),en,,Aa-aa-aa-aalbuquerque,,,True,
2388,627212590561652736,Central Time (US & Canada),en,,IG: abby_janet,,,True,
2389,627212602704269313,Eastern Time (US & Canada),en,,"Cincinnati, OH",,,True,
2398,627212672539475969,Eastern Time (US & Canada),en,,Orlando,,,True,
2400,627212692554711041,Central Time (US & Canada),en,,Florida,,,True,
2403,627212703749124096,Pacific Time (US & Canada),en,,"Not There, Eh..",,,True,
2406,627212715862413313,Eastern Time (US & Canada),en,,,,,True,
2407,627212721650401284,Eastern Time (US & Canada),en,,,,,True,
2409,627212734455615488,Mountain Time (US & Canada),en,,I'm always here for you,,,True,
2410,627212747671891968,Pacific Time (US & Canada),en,,San Francisco Bay Area,,,True,
2415,627212795570974720,Central Time (US & Canada),en,United States,"Edmond, OK","[45.537, -122.407]",True,,
2417,627212805821718528,Pacific Time (US & Canada),en,,,,,True,
2420,627212830878515200,Central Time (US & Canada),en,,The Hermit Cave USA,,,True,
2422,627212843549609984,Central Time (US & Canada),ht,,Lamia server,,,True,
2423,627212859936780288,Central Time (US & Canada),en,,,,,True,
2427,627212875321487360,Central Time (US & Canada),en,,"New Orleans, LA",,,True,
2428,627212885295538176,,en,,New Jersey,,,,True
2431,627212904283009028,,en,United States,"Rancho Mirage, CA",,True,,
2437,627212937950687232,Hawaii,en,,,,,True,
2442,627212947165609984,Hawaii,en,,,,,True,
2444,627212955428323329,Hawaii,en,,,,,True,
2447,627212964509003776,Hawaii,en,,,,,True,
2450,627212990157352960,Pacific Time (US & Canada),en,,"London, England",,,True,
2452,627213016019402754,Mountain Time (US & Canada),en,,,,,True,
2454,627213027167698947,,en,,New Jersey,,,,True
2456,627213049435410432,Alaska,en,,San Francisco Bay Area,,,True,
2460,627213080250949632,Eastern Time (US & Canada),en,,,,,True,
2462,627213085711970304,Eastern Time (US & Canada),en,,,,,True,
2463,627213090405224448,,en,,In the browser.,,,,True
2464,627213092519174144,,en,,In the browser.,,,,True
2465,627213098751913984,Pacific Time (US & Canada),en,, ¯\_(ツ)_/¯,,,True,
2470,627213138472136704,Eastern Time (US & Canada),en,,,,,True,
2481,627213188379996161,,en,,USA,,,,True
2482,627213194948419584,Pacific Time (US & Canada),en,,United States,,,True,
2485,627213220168794113,Eastern Time (US & Canada),en,,"Bethesda, MD",,,True,
2487,627213228183961601,Eastern Time (US & Canada),en,,USA,,,True,
2488,627213229345763328,Eastern Time (US & Canada),en,,USA,,,True,
2493,627213240502611968,,en,,Minnesota,,,,True
2500,627213274006859776,Pacific Time (US & Canada),en,,ONLINE,,,True,
2501,627213274866692096,Pacific Time (US & Canada),fr,,j-21,,,True,
2504,627213322400755712,Pacific Time (US & Canada),en,,"Newquay, England",,,True,
2507,627213343040884737,Pacific Time (US & Canada),en,,,,,True,
2511,627213359499206656,Mountain Time (US & Canada),en,,Storybrooke Manie,,,True,
2514,627213386032525313,Central Time (US & Canada),en,,,,,True,
2515,627213386405814272,Pacific Time (US & Canada),en,,ONLINE,,,True,
2516,627213390549807104,Central Time (US & Canada),cy,,,,,True,
2522,627213411051511808,Central Time (US & Canada),en,,,,,True,
2524,627213425211523072,Pacific Time (US & Canada),en,,ONLINE,,,True,
2526,627213430819299328,Eastern Time (US & Canada),en,,,,,True,
2535,627213465128697856,Eastern Time (US & Canada),en,,,,,True,
2540,627213477921296386,Pacific Time (US & Canada),en,,715 w main battle ground wa. ,,,True,
2542,627213495755513857,Central Time (US & Canada),en,,,,,True,
2544,627213497869295616,Pacific Time (US & Canada),en,,,,,True,
2545,627213505242996736,Eastern Time (US & Canada),en,,"New York, USA",,,True,
2549,627213519117795329,Pacific Time (US & Canada),en,,Amsterdam & Austin,,,True,
2550,627213519486865408,,en,,Florida,,,,True
2553,627213526872920064,Pacific Time (US & Canada),en,, ¯\_(ツ)_/¯,,,True,
2558,627213553083248640,,en,,"Wyoming, USA",,,,True
2560,627213560674914305,,en,,"Chicago, Illinois",,,,True
2563,627213575854116864,,en,,USA,,,,True
2565,627213585677062144,Central Time (US & Canada),en,,,,,True,
2569,627213611535085568,Pacific Time (US & Canada),en,,,,,True,
2573,627213639473303552,,en,,"Jersey City, New Jersey",,,,True
2574,627213646746120192,Pacific Time (US & Canada),en,,"San Diego, CA",,,True,
2577,627213647245258752,Pacific Time (US & Canada),en,,"San Diego, CA",,,True,
2585,627213678698348544,Eastern Time (US & Canada),en,,Chicago,,,True,
2587,627213692611002368,Central Time (US & Canada),en,,,,,True,
2591,627213720314363904,Pacific Time (US & Canada),en,,,,,True,
2592,627213750622416896,Central Time (US & Canada),en,,Ohio,,,True,
2593,627213750764834816,,en,,"Oldsmar, FL",,,,True
2594,627213754204209152,,en,,"Chicago, IL",,,,True
2598,627213839587770368,,en,,New York City,,,,True
2600,627213855685369856,Eastern Time (US & Canada),en,,Pittsburgh,,,True,
2603,627213881107066880,Pacific Time (US & Canada),en,,SF Bay Area,,,True,
2605,627213895585935360,,en,,"Bridgeport, CT",,,,True
2608,627213908340830212,,en,,NYC,,,,True
2609,627213932487397377,Central Time (US & Canada),en,,#UniteBlue #StopRush #GunSense,,,True,
2610,627213933946888192,Pacific Time (US & Canada),en,,UNITED STATES CORPORATION ,,,True,
2617,627213978754682880,Pacific Time (US & Canada),en,,,,,True,
2620,627213996479766530,Central Time (US & Canada),en,,,,,True,
2622,627213998245683200,Buenos Aires,en,United States,San Francisco|Uruguay|France,,True,,
2623,627214010421608448,Pacific Time (US & Canada),en,,"North Vancouver, BC",,,True,
2628,627214044097687552,Central Time (US & Canada),en,,16th State,,,True,
2629,627214044697636864,Eastern Time (US & Canada),en,,Da hood Biyatch,,,True,
2637,627214089635393536,,en,,USA,,,,True
2639,627214128537542656,Pacific Time (US & Canada),en,,"Las Vegas, Nevada",,,True,
2640,627214141082701824,Pacific Time (US & Canada),en,,,,,True,
2643,627214164642107392,Eastern Time (US & Canada),en,,"Atlanta, Ga",,,True,
2644,627214172326129664,,en,,USA,,,,True
2649,627214195768061952,Eastern Time (US & Canada),fr,,Chile,,,True,
2650,627214195659010048,,en,,USA,,,,True
2655,627214230119403520,Eastern Time (US & Canada),en,,,,,True,
2661,627214256816177152,Pacific Time (US & Canada),en,,,,,True,
2662,627214271131316224,Hawaii,en,,,,,True,
2665,627214297110712320,Pacific Time (US & Canada),en,,Worldwide,,,True,
2667,627214315460780032,Pacific Time (US & Canada),en,,"Santa Cruz, CA",,,True,
2668,627214329205641217,Eastern Time (US & Canada),en,,"Lowell, MA",,,True,
2670,627214330916802560,Eastern Time (US & Canada),en,,,,,True,
2680,627214416488968192,Pacific Time (US & Canada),en,,,,,True,
2687,627214433585119232,Pacific Time (US & Canada),en,,Internets,,,True,
2688,627214443777257472,Eastern Time (US & Canada),en,,"Battle Creek, Michigan",,,True,
2693,627214456767016960,Hawaii,en,,Quantum Realm ,,,True,
2698,627214501713055744,Pacific Time (US & Canada),en,,Oakland,,,True,
2699,627214512740020224,Pacific Time (US & Canada),en,,"Newquay, England",,,True,
2700,627214516556705792,Pacific Time (US & Canada),en,United States,Washington,,True,,
2709,627214550862032896,Eastern Time (US & Canada),en,,,,,True,
2714,627214620613320704,Eastern Time (US & Canada),en,,Chile,,,True,
2717,627214633984614401,,en,,Litchfield ,,,,True
2718,627214655539253252,,en,,"Laguna Beach, CA",,,,True
2721,627214668394659840,,en,,"Grand Prairie, TX✈️210",,,,True
2723,627214676430991360,Mountain Time (US & Canada),en,,Mexico City,,,True,
2726,627214704079835136,,en,,Charlotte,,,,True
2731,627214723340222468,Eastern Time (US & Canada),nl,,,,,True,
2732,627214724560781312,Eastern Time (US & Canada),en,,"Durham, NC",,,True,
2733,627214734253780993,Central Time (US & Canada),en,,,,,True,
2734,627214739681202176,,en,,"Beaverton, Oregon",,,,True
2745,627214790814003200,Eastern Time (US & Canada),en,,New York City,,,True,
2746,627214793280241664,,de,,Hendrickson,,,,True
2752,627214835953082368,,en,,Charming.,,,,True
2753,627214837374955520,,en,,"Studio City, CA",,,,True
2766,627214895323320320,,en,,"Boulder, CO",,,,True
2771,627214938277326848,Eastern Time (US & Canada),en,,"Ohio, Eastside (Baby)",,,True,
2780,627214989548457986,Pacific Time (US & Canada),en,,europe,,,True,
2782,627214997530279936,,de,,Bakersville,,,,True
2783,627215004849278976,Eastern Time (US & Canada),en,,"New York, New York",,,True,
2784,627215011451043840,Central Time (US & Canada),en,,Dallas TX,,,True,
2786,627215032640671744,Pacific Time (US & Canada),en,, ¯\_(ツ)_/¯,,,True,
2787,627215043801821184,Pacific Time (US & Canada),en,,"Vancouver, B.C. Canada",,,True,
2788,627215048642023425,,en,,"Apex, NC",,,,True
2792,627215078778081280,Eastern Time (US & Canada),de,,Chile,,,True,
2796,627215124290473984,Central Time (US & Canada),en,,"Dallas, TX",,,True,
2797,627215126882467840,Eastern Time (US & Canada),en,,"Brooklyn, NY",,,True,
2798,627215128354779137,Pacific Time (US & Canada),en,,,,,True,
2802,627215148281827328,Pacific Time (US & Canada),en,,"California, USA",,,True,
2803,627215149150027776,Eastern Time (US & Canada),en,,"Brooklyn, NY",,,True,
2808,627215167181430784,Central Time (US & Canada),en,,,,,True,
2809,627215173909127168,Pacific Time (US & Canada),en,,,,,True,
2810,627215177864318976,Pacific Time (US & Canada),en,,,,,True,
2812,627215184453611520,Central Time (US & Canada),es,,,,,True,
2813,627215184847896576,Pacific Time (US & Canada),en,,,,,True,
2814,627215186697433088,Eastern Time (US & Canada),en,,Planet Earth,,,True,
2818,627215198189944832,Eastern Time (US & Canada),zh,,"Waterloo, Ontario",,,True,
2821,627215220180668416,Pacific Time (US & Canada),en,,,,,True,
2823,627215230045696000,Pacific Time (US & Canada),en,,,,,True,
2832,627215295074185216,Pacific Time (US & Canada),en,,,,,True,
2833,627215294952509440,Pacific Time (US & Canada),en,,"Brossard, Québec",,,True,
2836,627215316251086848,Pacific Time (US & Canada),en,,,,,True,
2837,627215318981705728,Pacific Time (US & Canada),en,,she/her ,,,True,
2841,627215347632996352,Pacific Time (US & Canada),en,,,,,True,
2845,627215381732659200,Central Time (US & Canada),en,,BK ✈️ SF,,,True,
2846,627215384123469824,,en,,"Phoenix, Arizona",,,,True
2848,627215420219629568,Pacific Time (US & Canada),en,,,,,True,
2849,627215438313865216,Central Time (US & Canada),en,,,,,True,
2857,627215493510889473,Pacific Time (US & Canada),en,,,,,True,
2860,627215511642873856,Eastern Time (US & Canada),en,,"Brooklyn, NY",,,True,
2864,627215553250267137,Central Time (US & Canada),en,,,,,True,
2867,627215570216161280,Pacific Time (US & Canada),en,,,,,True,
2874,627215619566366720,Mountain Time (US & Canada),en,,"Houston, TX",,,True,
2877,627215671236120576,Central Time (US & Canada),en,,,,,True,
2878,627215675036180480,Central Time (US & Canada),en,,,,,True,
2882,627215706778636288,Eastern Time (US & Canada),en,,New York,,,True,
2883,627215709152636928,Central Time (US & Canada),en,,"Birmingham, Alabama, USA",,,True,
2884,627215735799054336,,en,,"Wilkes-Barre, Pennsylvania",,,,True
2887,627215748641886208,Central Time (US & Canada),en,,,,,True,
2889,627215756418224129,Pacific Time (US & Canada),en,,,,,True,
2891,627215760910327808,Central Time (US & Canada),en,,"Bossland, KS",,,True,
2892,627215764412583936,Pacific Time (US & Canada),en,,,,,True,
2893,627215763607154688,,en,,USA,,,,True
2894,627215768934043648,Pacific Time (US & Canada),en,,,,,True,
2896,627215773887524865,Pacific Time (US & Canada),en,,,,,True,
2897,627215778501275649,Central Time (US & Canada),en,,"Bossland, KS",,,True,
2900,627215796960260096,,en,,"Atlanta,Georgia",,,,True
2916,627215884491227136,Eastern Time (US & Canada),en,,U.S.,,,True,
2922,627215922164559872,Hawaii,en,,"Pleasanton, CA",,,True,
2923,627215922487386112,Pacific Time (US & Canada),en,,"San Francisco, CA",,,True,
2924,627215926010580992,Alaska,en,,"Hollywood, CA",,,True,
2925,627215943328923652,Mountain Time (US & Canada),en,,"Winnipeg, MB Canada",,,True,
2926,627215971950960640,,en,,"Irvine, California ",,,,True
2928,627215979785748480,Central Time (US & Canada),ro,,,,,True,
2929,627215981895643136,Eastern Time (US & Canada),en,,,,,True,
2930,627215984991043584,Central Time (US & Canada),en,,"Austin, TX",,,True,
2932,627216007560601600,Pacific Time (US & Canada),en,,,,,True,
2937,627216065831940096,Mountain Time (US & Canada),en,,,,,True,
2938,627216099080318976,Eastern Time (US & Canada),en,,"Chickamauga, GA",,,True,
2940,627216126083096576,Pacific Time (US & Canada),en,,,,,True,
2942,627216131795763200,Pacific Time (US & Canada),en,,,,,True,
2952,627216199844282368,Eastern Time (US & Canada),en,,NYC,,,True,
2953,627216209738469376,Eastern Time (US & Canada),en,,"Atlanta, GA",,,True,
2956,627216224041181184,Central Time (US & Canada),en,,"Bossland, KS",,,True,
2958,627216237353897984,Eastern Time (US & Canada),en,,"Greensboro, NC",,,True,
2961,627216244949786624,Central Time (US & Canada),en,,,,,True,
2970,627216323307831296,,en,,"Coeur d'Alene, Idaho",,,,True
2976,627216404845096960,Eastern Time (US & Canada),en,,"Toronto, Canada",,,True,
2981,627216432045010944,Central Time (US & Canada),en,,North America  ΣΦΩ,,,True,
2983,627216433785753600,Central Time (US & Canada),en,,Iowa,,,True,
2985,627216440903487488,Pacific Time (US & Canada),en,,,,,True,
2986,627216456145616896,Eastern Time (US & Canada),en,,"Somerville, MA",,,True,
2988,627216472973119489,Pacific Time (US & Canada),ru,,"Moscow, Russia",,,True,
2990,627216482951262208,Eastern Time (US & Canada),en,,VA,,,True,
2991,627216491054780416,,en,,"San Diego,CA",,,,True
2992,627216493198069760,Eastern Time (US & Canada),en,,,,,True,
2995,627216527557849090,Eastern Time (US & Canada),en,,,,,True,
2996,627216527188754437,Pacific Time (US & Canada),en,,,,,True,
2997,627216547107479553,Eastern Time (US & Canada),es,,Peru ❤️,,,True,
3003,627216605580296192,Eastern Time (US & Canada),en,,"Astoria, NY",,,True,
3004,627216609992687616,Eastern Time (US & Canada),en,,"Miami, FL",,,True,
3013,627216651482734592,Pacific Time (US & Canada),en,,,,,True,
3014,627216651780550656,Pacific Time (US & Canada),en,,,,,True,
3017,627216667853107200,Central Time (US & Canada),en,,Online!,,,True,
3019,627216690577821697,Pacific Time (US & Canada),en,,,,,True,
3021,627216697813016578,Pacific Time (US & Canada),en,,,,,True,
3024,627216746777341952,Pacific Time (US & Canada),en,,,,,True,
3027,627216768860336128,,en,,Dallas,,,,True
3028,627216774493302784,Eastern Time (US & Canada),en,,"Farmington,NY",,,True,
3030,627216779564199936,Pacific Time (US & Canada),en,,,,,True,
3031,627216785037725697,Eastern Time (US & Canada),tl,,"North Providence, RI",,,True,
3032,627216788095266816,,en,,"Chicago, IL",,,,True
3035,627216801680592896,Central Time (US & Canada),en,,,,,True,
3039,627216816549593089,Eastern Time (US & Canada),en,,"Fairfield, Ohio",,,True,
3041,627216824925585408,Pacific Time (US & Canada),en,,,,,True,
3042,627216830147395584,Pacific Time (US & Canada),en,,"Redmond, WA",,,True,
3043,627216834484379648,Pacific Time (US & Canada),en,,,,,True,
3044,627216868630265856,,en,,South Carolina,,,,True
3045,627216878965006336,Eastern Time (US & Canada),en,United States,,"[38.8752, -77.0008]",True,,
3048,627216920362749952,Pacific Time (US & Canada),en,,Internets,,,True,
3050,627216927455354880,,en,,"California, USA",,,,True
3057,627216952398753792,,en,,Santa Barbara,,,,True
3058,627216952721842177,Pacific Time (US & Canada),en,,"Valley Glen, California",,,True,
3061,627216961617854464,,en,,California,,,,True
3064,627216993154764800,Pacific Time (US & Canada),en,United States,"Seattle, WA",,True,,
3066,627217007369396224,,en,,"Denver, CO",,,,True
3068,627217052676263936,Eastern Time (US & Canada),en,,"Cape Cod, MA",,,True,
3071,627217099681853441,Pacific Time (US & Canada),pt,,,,,True,
3073,627217110729535488,Central Time (US & Canada),es,,,,,True,
3075,627217133324402688,Pacific Time (US & Canada),pt,,,,,True,
3080,627217145861140480,,en,,"Atlanta, Georgia",,,,True
3082,627217151993077760,Pacific Time (US & Canada),en,,"Lagos, Nigeria.",,,True,
3099,627217215587090432,Pacific Time (US & Canada),en,,,,,True,
